epoch,accuracy,loss,val_accuracy,val_loss
0,0.7988508343696594,0.5023952126502991,NA,NA
1,0.7992828488349915,0.5014770030975342,NA,NA
