epoch,accuracy,loss,val_accuracy,val_loss
0,0.9340187907218933,0.16102290153503418,NA,NA
1,0.9342541694641113,0.13181845843791962,NA,NA
